path,size_mb,rows,cols_declared,cols_recovered,overall_missing_pct,integrity,confidence
common-data/SingCLoud/FreeText_FTA/VW_CGH_NUCLEAR_F_Export_22-07-2024.csv,5.8,4387,12,12,0.0,ok,two-pass
common-data/SingCLoud/FreeText_FTA/VW_CVIS_NUCLEAR_D_Export_22-07-2024.csv,33.89,54449,169,156,18.39,short,two-pass
common-data/SingCLoud/FreeText_FTA/VW_DISPENSED_MEDICATION_F_Export_22-07-2024_PART_1.csv,1092.68,5320492,11,11,0.1,ok,two-pass
common-data/SingCLoud/FreeText_FTA/VW_DISPENSED_MEDICATION_F_Export_24-07-2024_PART2.csv,559.4,2741908,11,11,0.1,ok,two-pass
common-data/SingCLoud/FreeText_FTA/VW_DISPENSED_MEDICATION_F_Export_24-07-2024_PART3.csv,1077.99,5226510,11,1,0.08,short,two-pass
common-data/SingCLoud/FreeText_FTA/VW_DISPENSED_MEDICATION_ITEM_F_Export:_24-07-2024_P3.csv,980.24,3124838,30,32,34.15,over,two-pass
common-data/SingCLoud/FreeText_FTA/VW_DISPENSED_MEDICATION_ITEM_F_Export_24-07-2024_P11.csv,1493.64,4620997,30,30,33.61,ok,two-pass
common-data/SingCLoud/FreeText_FTA/VW_DISPENSED_MEDICATION_ITEM_F_Export_24-07-2024_P12.csv,1451.65,4522782,30,30,34.51,ok,two-pass
common-data/SingCLoud/FreeText_FTA/VW_DISPENSED_MEDICATION_ITEM_F_Export_24-07-2024_P13.csv,1491.43,4637969,30,30,34.51,ok,two-pass
common-data/SingCLoud/FreeText_FTA/VW_DISPENSED_MEDICATION_ITEM_F_Export_24-07-2024_P14.csv,1538.16,4780503,30,30,34.51,ok,two-pass
common-data/SingCLoud/FreeText_FTA/VW_DISPENSED_MEDICATION_ITEM_F_Export_24-07-2024_P15.csv,1502.27,4663315,30,32,34.53,over,two-pass
common-data/SingCLoud/FreeText_FTA/VW_DISPENSED_MEDICATION_ITEM_F_Export_24-07-2024_P16.csv,983.81,3049918,30,30,34.48,ok,two-pass
common-data/SingCLoud/FreeText_FTA/VW_DISPENSED_MEDICATION_ITEM_F_Export_24-07-2024_P17.csv,1567.13,4835134,30,30,34.36,ok,two-pass
common-data/SingCLoud/FreeText_FTA/VW_DISPENSED_MEDICATION_ITEM_F_Export_24-07-2024_P18.csv,1572.57,4836597,30,31,34.18,over,two-pass
common-data/SingCLoud/FreeText_FTA/VW_DISPENSED_MEDICATION_ITEM_F_Export_24-07-2024_P19.csv,1598.02,4947856,30,30,33.73,ok,two-pass
common-data/SingCLoud/FreeText_FTA/VW_DISPENSED_MEDICATION_ITEM_F_Export_24-07-2024_P2.csv,1838.42,6050215,30,31,35.72,over,two-pass
common-data/SingCLoud/FreeText_FTA/VW_DISPENSED_MEDICATION_ITEM_F_Export_24-07-2024_P20.csv,1626.29,4987026,30,30,34.33,ok,two-pass
common-data/SingCLoud/FreeText_FTA/VW_DISPENSED_MEDICATION_ITEM_F_Export_24-07-2024_P21.csv,1563.93,4797258,30,30,34.3,ok,two-pass
common-data/SingCLoud/FreeText_FTA/VW_DISPENSED_MEDICATION_ITEM_F_Export_24-07-2024_P22.csv,1527.05,4682880,30,30,34.33,ok,two-pass
common-data/SingCLoud/FreeText_FTA/VW_DISPENSED_MEDICATION_ITEM_F_Export_24-07-2024_P23.csv,1605.32,4920167,30,30,34.01,ok,two-pass
common-data/SingCLoud/FreeText_FTA/VW_DISPENSED_MEDICATION_ITEM_F_Export_24-07-2024_P24.csv,1611.13,4929227,30,30,33.37,ok,two-pass
common-data/SingCLoud/FreeText_FTA/VW_DISPENSED_MEDICATION_ITEM_F_Export_24-07-2024_P25.csv,1528.63,4667974,30,31,32.3,over,two-pass
common-data/SingCLoud/FreeText_FTA/VW_DISPENSED_MEDICATION_ITEM_F_Export_24-07-2024_P26.csv,1511.7,4616707,30,31,32.27,over,two-pass
common-data/SingCLoud/FreeText_FTA/VW_DISPENSED_MEDICATION_ITEM_F_Export_24-07-2024_P27.csv,1531.07,4683142,30,30,31.89,ok,two-pass
common-data/SingCLoud/FreeText_FTA/VW_DISPENSED_MEDICATION_ITEM_F_Export_24-07-2024_P28.csv,1495.35,4584849,30,30,31.32,ok,two-pass
common-data/SingCLoud/FreeText_FTA/VW_DISPENSED_MEDICATION_ITEM_F_Export_24-07-2024_P29.csv,1494.61,4575692,30,30,30.77,ok,two-pass
common-data/SingCLoud/FreeText_FTA/VW_DISPENSED_MEDICATION_ITEM_F_Export_24-07-2024_P4.csv,1052.0,3324622,30,30,34.11,ok,two-pass
common-data/SingCLoud/FreeText_FTA/VW_DISPENSED_MEDICATION_ITEM_F_Export_24-07-2024_P5.csv,1085.03,3426473,30,30,34.49,ok,two-pass
common-data/SingCLoud/FreeText_FTA/VW_DISPENSED_MEDICATION_ITEM_F_Export_24-07-2024_P6.csv,1112.33,3513500,30,31,34.64,over,two-pass
common-data/SingCLoud/FreeText_FTA/VW_DISPENSED_MEDICATION_ITEM_F_Export_24-07-2024_P7.csv,1485.77,4644736,30,30,33.44,ok,two-pass
common-data/SingCLoud/FreeText_FTA/VW_DISPENSED_MEDICATION_ITEM_F_Export_24-07-2024_P8.csv,909.1,2787367,30,30,32.43,ok,two-pass
common-data/SingCLoud/FreeText_FTA/VW_DISPENSED_MEDICATION_ITEM_F_Export_24-07-2024_P9.csv,951.61,2910038,30,30,32.27,ok,two-pass
common-data/SingCLoud/FreeText_FTA/VW_EVENT_DIAGNO515_F_Export_31-07-2024_P4.csv,1759.08,7856689,33,0,54.67,short,single-pass
common-data/SingCLoud/FreeText_FTA/VW_EVENT_DIAGNOSIS_F_Export_31-07-2024_P1.csv,1213.37,5084554,33,34,56.52,over,two-pass
common-data/SingCLoud/FreeText_FTA/VW_EVENT_DIAGNOSIS_F_Export_31-07-2024_P2.csv,1562.11,6102154,33,33,53.0,ok,two-pass
common-data/SingCLoud/FreeText_FTA/VW_EVENT_DIAGNOSIS_F_Export_31-07-2024_P3.csv,1599.1,6421452,33,33,54.53,ok,two-pass
common-data/SingCLoud/FreeText_FTA/VW_EVENT_DIAGNOSIS_F_Export_31-07-2024_P4.csv,1759.08,7056689,33,33,54.67,ok,two-pass
common-data/SingCLoud/FreeText_FTA/VW_EVENT_DIAGNOSIS_F_Export_31-07-2024_P5.csv,947.86,3763418,33,33,54.34,ok,two-pass
common-data/SingCLoud/FreeText_FTA/VW_EVENT_DIAGNOSIS_F_Export_31-07-2024_P6.csv,904.57,3572090,33,33,54.09,ok,two-pass
common-data/SingCLoud/FreeText_FTA/VW_LABORATORY_F_Export_26-07-2024_P1.csv,1539.97,5008403,23,23,22.65,ok,two-pass
common-data/SingCLoud/FreeText_FTA/VW_LABORATORY_F_Export_26-07-2024_P10.csv,1359.36,4386097,23,23,21.53,ok,two-pass
common-data/SingCLoud/FreeText_FTA/VW_LABORATORY_F_Export_26-07-2024_P11.csv,1344.42,4341298,23,23,21.72,ok,two-pass
common-data/SingCLoud/FreeText_FTA/VW_LABORATORY_F_Export_26-07-2024_P12.csv,1362.31,4398438,23,22,21.67,short,two-pass
common-data/SingCLoud/FreeText_FTA/VW_LABORATORY_F_Export_26-07-2024_P18.csv,1478.55,4691646,23,23,20.4,ok,two-pass
common-data/SingCLoud/FreeText_FTA/VW_LABORATORY_F_Export_26-07-2024_P19.csv,1463.34,4569232,23,23,18.71,ok,two-pass
common-data/SingCLoud/FreeText_FTA/VW_LABORATORY_F_Export_26-07-2024_P2.csv,1791.8,5862470,23,23,23.54,ok,two-pass
common-data/SingCLoud/FreeText_FTA/VW_LABORATORY_F_Export_26-07-2024_P21.csv,1410.64,4396862,23,23,18.88,ok,two-pass
common-data/SingCLoud/FreeText_FTA/VW_LABORATORY_F_Export_26-07-2024_P22.csv,1320.96,4058904,23,24,18.19,over,two-pass
common-data/SingCLoud/FreeText_FTA/VW_LABORATORY_F_Export_26-07-2024_P4.csv,1141.3,3725410,23,23,22.93,ok,two-pass
common-data/SingCLoud/FreeText_FTA/VW_LABORATORY_F_Export_26-07-2024_P7.csv,1287.94,4181669,23,23,22.71,ok,two-pass
common-data/SingCLoud/FreeText_FTA/VW_LABORATORY_ITEM_FIL_F_Export_28-07-2024_P1.csv,2189.77,8970688,16,16,7.96,ok,two-pass
common-data/SingCLoud/FreeText_FTA/VW_LABORATORY_ITEM_FIL_F_Export_28-07-2024_P2.csv,1323.26,5421906,16,159,8.04,over,two-pass
common-data/SingCLoud/FreeText_FTA/VW_NUHCS_ECHO_D_Export_22-07-2024.csv,541.64,270906,371,361,3.36,short,two-pass
common-data/SingCLoud/FreeText_FTA/VW_NUHCS_NUC_D_Export_22-07-2024.csv,161.13,63656,191,182,14.87,short,two-pass
common-data/SingCLoud/FreeText_FTA/VW_NUHCS_PCI_D_Export_22-07-2024.csv,823.1,230968,286,285,39.34,short,two-pass
common-data/SingCLoud/FreeText_FTA/VW_NUHS_HFSI_F_Export_30-10-2024.csv,59.57,47805,575,556,68.49,short,two-pass
common-data/SingCLoud/FreeText_FTA/VW_NUH_CABG_09_21_D_Export_22-07-2024.csv,7.71,5007,186,186,13.72,ok,two-pass
common-data/SingCLoud/FreeText_FTA/VW_PATIENT_OCCUPATION_D_Export:_06-08-2024.csv,133.7,849308,11,11,18.09,ok,two-pass
common-data/SingCLoud/FreeText_FTA/VW_RADIOLOGY_F_Export_06-08-2024.csv,2611.79,6569893,28,28,13.1,ok,two-pass
common-data/SingCLoud/FreeText_FTA/VW_SCDB_HF_F_Export_22-87-2024.csv,41.07,48629,174,177,24.44,over,two-pass
common-data/SingCLoud/FreeText_FTA/VW_SCDB_ICD_F_Export_22-07-2024.csv,2.84,4043,128,131,47.5,over,two-pass
common-data/SingCLoud/FreeText_FTA/VW_SCDB_INTERVENTION_BEFORE_T1_F_Export_22-07-2024.csv,84.22,62342,697,707,82.37,over,two-pass
common-data/SingCLoud/FreeText_FTA/VW_SCDB_INTERVENTION_DIM_F_Export_22-07-2024.csv,555.13,1634566,35,39,62.0,over,two-pass
common-data/SingCLoud/FreeText_FTA/VW_SCDB_INTERVENTION_F_Export_22-07-2024.csv,59.74,107689,156,158,36.9,over,two-pass
common-data/SingCLoud/FreeText_FTA/VW_SCDB_PPM_DIM_F_Export_22-07-2024.csv,17.92,35994,45,43,71.29,short,two-pass
common-data/SingCLoud/FreeText_FTA/VW_SCDB_PPM_F_Export_22-07-2024.csv,4.26,6434,111,125,42.69,over,two-pass
common-data/SingCLoud/FreeText_FTA/VW_SCDB_SURGERY_F_Export_22-07-2024.csv,9.61,8026,309,313,40.54,over,two-pass
common-data/SingCLoud/NonFreeText_Files/VW_ADMIT_TYPE_D_Export_22-07-2024.csv,0.01,132,10,10,35.15,ok,two-pass
common-data/SingCLoud/NonFreeText_Files/VW_CASE_TYPE_D_Export_22-07-2024.csv,0.0,37,11,11,49.88,ok,two-pass
common-data/SingCLoud/NonFreeText_Files/VW_CIIMS_ECHO_FINDINGS_D_Export_22-07-2024.csv,208.76,1130597,10,10,16.56,ok,two-pass
common-data/SingCLoud/NonFreeText_Files/VW_CIIMS_ECHO_MEASUREMENTS_D_Export_22-07-2024.csv,1530.98,11520086,7,7,0.0,ok,two-pass
common-data/SingCLoud/NonFreeText_Files/VW_CIIMS_RHYTHM_D_Export_22-07-2024.csv,21.8,148278,8,8,5.35,ok,two-pass
common-data/SingCLoud/NonFreeText_Files/VW_CIIMS_WALLMOTION_D_Export_22-07-2024.csv,53.39,259487,26,26,4.09,ok,two-pass
common-data/SingCLoud/NonFreeText_Files/VW_DIAGNOSIS_CODE_D_Export_22-07-2024.csv,528.58,5286383,6,0,0.0,short,two-pass
common-data/SingCLoud/NonFreeText_Files/VW_DIAGNOSIS_STATUS_D_Export_22-07-2024.csv,0.0,9,6,6,0.0,ok,two-pass
common-data/SingCLoud/NonFreeText_Files/VW_DIAGNOSIS_TYPE_D_Export_22-07-2024.csv,0.0,47,6,6,0.35,ok,two-pass
common-data/SingCLoud/NonFreeText_Files/VW_DISCHARGE_DISPOSITION_D_Export_22-07-2024.csv,0.05,527,6,6,0.0,ok,two-pass
common-data/SingCLoud/NonFreeText_Files/VW_DISPENSED_MEDICATION_CROSS_MAPS_MV2_D_Export_22-07-2024.csv,1188.97,4219826,19,19,0.0,ok,two-pass
common-data/SingCLoud/NonFreeText_Files/VW_DRG_D_Export_22-07-2024.csv,0.28,4137,4,4,0.01,ok,two-pass
common-data/SingCLoud/NonFreeText_Files/VW_DRUG_D_Export_06-08-2024.csv,51.04,399310,14,14,54.22,ok,two-pass
common-data/SingCLoud/NonFreeText_Files/VW_INSTITUTION_D_Export_22-07-2024.csv,0.66,9727,5,5,0.0,ok,two-pass
common-data/SingCLoud/NonFreeText_Files/VW_INV_RESULT_STATUS_D_Export_22-07-2024.csv,0.0,32,6,6,0.0,ok,two-pass
common-data/SingCLoud/NonFreeText_Files/VW_INV_SUBTYPE_D_Export_22-07-2024.csv,0.01,160,6,6,0.0,ok,two-pass
common-data/SingCLoud/NonFreeText_Files/VW_INV_TYPE_D_Export_22-07-2024.csv,0.02,177,6,6,0.09,ok,two-pass
common-data/SingCLoud/NonFreeText_Files/VW_IP_BILLING_F-_Export_06-08-2024_P26.csv,2054.44,6254562,37,37,18.99,ok,two-pass
common-data/SingCLoud/NonFreeText_Files/VW_IP_BILLING_F_Export:_05-08-2024_P14.c5v,2248.85,6887095,37,37,19.0,ok,two-pass
common-data/SingCLoud/NonFreeText_Files/VW_IP_BILLING_F_Export_05-08-2024_P1.csv,1524.35,4754230,37,37,19.01,ok,two-pass
common-data/SingCLoud/NonFreeText_Files/VW_IP_BILLING_F_Export_05-08-2024_P10.csv,1471.74,4560956,37,37,19.02,ok,two-pass
common-data/SingCLoud/NonFreeText_Files/VW_IP_BILLING_F_Export_05-08-2024_P11.csv,1848.32,5661909,37,37,18.98,ok,two-pass
common-data/SingCLoud/NonFreeText_Files/VW_IP_BILLING_F_Export_05-08-2024_P12.csv,2053.53,6269176,37,36,19.01,short,two-pass
common-data/SingCLoud/NonFreeText_Files/VW_IP_BILLING_F_Export_05-08-2024_P13.csv,2228.36,6804777,37,37,19.0,ok,two-pass
common-data/SingCLoud/NonFreeText_Files/VW_IP_BILLING_F_Export_05-08-2024_P15.csv,1606.98,4926182,37,37,19.0,ok,two-pass
common-data/SingCLoud/NonFreeText_Files/VW_IP_BILLING_F_Export_05-08-2024_P16.csv,1689.86,5170972,37,37,19.0,ok,two-pass
common-data/SingCLoud/NonFreeText_Files/VW_IP_BILLING_F_Export_05-08-2024_P17.csv,1651.05,5048694,37,36,19.0,short,two-pass
common-data/SingCLoud/NonFreeText_Files/VW_IP_BILLING_F_Export_05-08-2024_P18.C5v,1736.8,5320883,37,37,19.0,ok,two-pass
common-data/SingCLoud/NonFreeText_Files/VW_IP_BILLING_F_Export_05-08-2024_P2.csv,1544.37,4806705,37,37,19.02,ok,two-pass
common-data/SingCLoud/NonFreeText_Files/VW_IP_BILLING_F_Export_05-08-2024_P3.csv,1695.3,5269642,37,37,19.01,ok,two-pass
common-data/SingCLoud/NonFreeText_Files/VW_IP_BILLING_F_Export_05-08-2024_P6.csv,1286.51,3972234,37,37,18.99,ok,two-pass
common-data/SingCLoud/NonFreeText_Files/VW_IP_BILLING_F_Export_05-08-2024_P7.csv,1373.82,4263554,37,37,18.99,ok,two-pass
common-data/SingCLoud/NonFreeText_Files/VW_IP_BILLING_F_Export_06-08-2024-_P29.csv,2193.82,6670998,37,37,18.97,ok,two-pass
common-data/SingCLoud/NonFreeText_Files/VW_IP_BILLING_F_Export_06-08-2024_P19.csv,1829.06,5603762,37,38,19.0,over,two-pass
common-data/SingCLoud/NonFreeText_Files/VW_IP_BILLING_F_Export_06-08-2024_P20.csv,1738.72,5320699,37,37,19.0,ok,two-pass
common-data/SingCLoud/NonFreeText_Files/VW_IP_BILLING_F_Export_06-08-2024_P21.csv,1845.58,5655943,37,39,18.98,over,two-pass
common-data/SingCLoud/NonFreeText_Files/VW_IP_BILLING_F_Export_06-08-2024_P22.csv,1888.16,5786580,37,38,18.99,over,two-pass
common-data/SingCLoud/NonFreeText_Files/VW_IP_BILLING_F_Export_06-08-2024_P23.csv,1938.02,5916678,37,38,18.99,over,two-pass
common-data/SingCLoud/NonFreeText_Files/VW_IP_BILLING_F_Export_06-08-2024_P24.csv,2008.02,6138965,37,38,19.0,over,two-pass
common-data/SingCLoud/NonFreeText_Files/VW_IP_BILLING_F_Export_06-08-2024_P25.csv,2051.15,6254820,37,38,18.99,over,two-pass
common-data/SingCLoud/NonFreeText_Files/VW_IP_BILLING_F_Export_06-08-2024_P27.csv,1852.47,5643354,37,37,18.98,ok,two-pass
common-data/SingCLoud/NonFreeText_Files/VW_IP_BILLING_F_Export_06-08-2024_P28.csv,2074.26,6304264,37,37,18.97,ok,two-pass
common-data/SingCLoud/NonFreeText_Files/VW_IP_BILLING_F_Export_06-08-2024_P30.csv,1697.03,5157608,37,39,18.96,over,two-pass
common-data/SingCLoud/NonFreeText_Files/VW_IP_BILLING_F_Export_06-08-2024_P31.c5v,1601.99,4859928,37,38,18.95,over,two-pass
common-data/SingCLoud/NonFreeText_Files/VW_IP_BILLING_F_Export_06-08-2024_P32.csv,1625.31,4944880,37,37,18.95,ok,two-pass
common-data/SingCLoud/NonFreeText_Files/VW_IP_BILLING_F_Export_06-08-2024_P33.csv,1587.15,4808681,37,37,18.96,ok,two-pass
common-data/SingCLoud/NonFreeText_Files/VW_IP_BILLING_F_Export_06-08-2024_P34.csv,1665.16,5042933,37,37,18.96,ok,two-pass
common-data/SingCLoud/NonFreeText_Files/VW_IP_BILLING_F_Export_06-08-2024_P35.csv,1630.91,4939721,37,38,18.96,over,two-pass
common-data/SingCLoud/NonFreeText_Files/VW_IP_BILLING_F_Export_06-08-2024_P36.csv,1662.53,5030501,37,37,18.96,ok,two-pass
common-data/SingCLoud/NonFreeText_Files/VW_IP_BILLING_F_Export_06-08-2024_P37.csv,1583.22,4776279,37,37,18.97,ok,two-pass
common-data/SingCLoud/NonFreeText_Files/VW_ITEM_D_Export_22-07-2024.csv,6.71,81721,8,8,12.27,ok,two-pass
common-data/SingCLoud/NonFreeText_Files/VW_ITEM_STATUS_D_Export_22-07-2024.csv,0.01,125,6,6,0.13,ok,two-pass
common-data/SingCLoud/NonFreeText_Files/VW_LABORATORY_DIM_F_Export_22-07-2024.csv,34.92,315624,6,6,0.01,ok,two-pass
common-data/SingCLoud/NonFreeText_Files/VW_LIP_BILLING_F_Export_05-08-2024_P8.csv,1465.94,4530134,37,37,18.98,ok,two-pass
common-data/SingCLoud/NonFreeText_Files/VW_LOP_BILLING_F/VW_OP_BILLING_F_Export:_14-08-2024_P6.csv,1364.48,4855493,31,31,33.26,ok,two-pass
common-data/SingCLoud/NonFreeText_Files/VW_MED_BILLING_F/VW_MED_BILLING_F_Export_19-08-2024_P1.csv,1250.37,4273012,23,23,17.33,ok,two-pass
common-data/SingCLoud/NonFreeText_Files/VW_MED_BILLING_F/VW_MED_BILLING_F_Export_19-08-2024_P10.csv,1530.23,5166969,23,23,14.87,ok,two-pass
common-data/SingCLoud/NonFreeText_Files/VW_MED_BILLING_F/VW_MED_BILLING_F_Export_19-08-2024_P11.csv,1569.6,5303565,23,23,14.91,ok,two-pass
common-data/SingCLoud/NonFreeText_Files/VW_MED_BILLING_F/VW_MED_BILLING_F_Export_19-08-2024_P14.csv,1765.35,5991381,23,23,15.57,ok,two-pass
common-data/SingCLoud/NonFreeText_Files/VW_MED_BILLING_F/VW_MED_BILLING_F_Export_19-08-2024_P15.csv,1916.33,6530611,23,24,15.97,over,two-pass
common-data/SingCLoud/NonFreeText_Files/VW_MED_BILLING_F/VW_MED_BILLING_F_Export_19-08-2024_P16.csv,2043.5,6984406,23,23,16.23,ok,two-pass
common-data/SingCLoud/NonFreeText_Files/VW_MED_BILLING_F/VW_MED_BILLING_F_Export_19-08-2024_P19.csv,1127.73,3875659,23,23,16.44,ok,two-pass
common-data/SingCLoud/NonFreeText_Files/VW_MED_BILLING_F/VW_MED_BILLING_F_Export_19-08-2024_P5.csv,1164.7,3934358,23,23,14.97,ok,two-pass
common-data/SingCLoud/NonFreeText_Files/VW_MED_BILLING_F/VW_MED_BILLING_F_Export_19-08-2024_P6.csv,1513.73,5122582,23,23,15.14,ok,two-pass
common-data/SingCLoud/NonFreeText_Files/VW_MED_BILLING_F/VW_MED_BILLING_F_Export_19-08-2024_P8.csv,1569.81,5317646,23,23,15.23,ok,two-pass
common-data/SingCLoud/NonFreeText_Files/VW_MED_BILLING_F/VW_MED_BILLING_F_Export_20-08-2024_P21.csv,1588.14,5472281,23,23,16.63,ok,two-pass
common-data/SingCLoud/NonFreeText_Files/VW_MED_BILLING_F/VW_MED_BILLING_F_Export_20-08-2024_P22.csv,1646.3,5651953,23,23,16.06,ok,two-pass
common-data/SingCLoud/NonFreeText_Files/VW_MED_BILLING_F/VW_MED_BILLING_F_Export_20-08-2024_P23.csv,1641.87,5639141,23,23,16.09,ok,two-pass
common-data/SingCLoud/NonFreeText_Files/VW_MED_BILLING_F/VW_MED_BILLING_F_Export_20-08-2024_P24.C5v,1737.43,5978376,23,23,16.17,ok,two-pass
common-data/SingCLoud/NonFreeText_Files/VW_MED_BILLING_F/VW_MED_BILLING_F_Export_20-08-2024_P26.csv,1582.19,5444896,23,23,16.24,ok,two-pass
common-data/SingCLoud/NonFreeText_Files/VW_MED_BILLING_F/VW_MED_BILLING_F_Export_20-08-2024_P30.csv,1838.15,6316180,23,23,15.88,ok,two-pass
common-data/SingCLoud/NonFreeText_Files/VW_MED_BILLING_F/VW_MED_BILLING_F_Export_20-08-2024_P33.csv,1838.73,6299139,23,54,15.0,over,two-pass
common-data/SingCLoud/NonFreeText_Files/VW_MOH_OB_OPERATION_F_Export:_31-07-2024_P3.csv,125.91,706032,36,36,91.67,ok,two-pass
common-data/SingCLoud/NonFreeText_Files/VW_MOH_OB_OPERATION_F_Export_31-07-2024_P1.csv,1295.65,3446325,36,37,14.21,over,two-pass
common-data/SingCLoud/NonFreeText_Files/VW_MOH_OB_OPERATION_F_Export_31-07-2024_P2.csv,1273.37,3298973,36,36,9.14,ok,two-pass
common-data/SingCLoud/NonFreeText_Files/VW_MOH_OB_PROCEDURE_F_Export:_31-07-2024_P2.csv,1249.98,3325012,27,28,0.0,over,two-pass
common-data/SingCLoud/NonFreeText_Files/VW_MOH_OB_PROCEDURE_F_Export_31-07-2024_P1.csv,1744.05,4731825,27,30,0.0,over,two-pass
common-data/SingCLoud/NonFreeText_Files/VW_MOH_OB_PROCEDURE_F_Export_31-07-2024_P3.csv,1002.09,2667003,27,27,0.0,ok,two-pass
common-data/SingCLoud/NonFreeText_Files/VW_MOH_OB_WO_SHI_F_Export_31-07-2024.csv,1531.25,2654121,146,148,91.22,over,two-pass
common-data/SingCLoud/NonFreeText_Files/VW_MOV_CAT_D_Export_22-07-2024.csv,0.0,3,6,6,0.0,ok,two-pass
common-data/SingCLoud/NonFreeText_Files/VW_MOV_TYPE_D_Export_22-07-2024.csv,0.03,396,6,6,0.0,ok,two-pass
common-data/SingCLoud/NonFreeText_Files/VW_NUHCS_PROC_D_Export_22-07-2024.csv,76.28,408586,15,15,13.33,ok,two-pass
common-data/SingCLoud/NonFreeText_Files/VW_OP_BILLING_F/VW_OP_BILLING_F_Export_14-08-2024_P1.csv,1966.13,7003818,31,32,33.45,over,two-pass
common-data/SingCLoud/NonFreeText_Files/VW_OP_BILLING_F/VW_OP_BILLING_F_Export_14-08-2024_P10.csv,1213.93,4238891,31,32,26.12,over,two-pass
common-data/SingCLoud/NonFreeText_Files/VW_OP_BILLING_F/VW_OP_BILLING_F_Export_14-08-2024_P11.csv,1214.64,4245743,31,31,26.44,ok,two-pass
common-data/SingCLoud/NonFreeText_Files/VW_OP_BILLING_F/VW_OP_BILLING_F_Export_14-08-2024_P12.csv,1293.65,4512759,31,31,25.89,ok,two-pass
common-data/SingCLoud/NonFreeText_Files/VW_OP_BILLING_F/VW_OP_BILLING_F_Export_14-08-2024_P13.csv,1355.14,4724188,31,31,25.48,ok,two-pass
common-data/SingCLoud/NonFreeText_Files/VW_OP_BILLING_F/VW_OP_BILLING_F_Export_14-08-2024_P14.csv,1479.27,5147107,31,31,25.09,ok,two-pass
common-data/SingCLoud/NonFreeText_Files/VW_OP_BILLING_F/VW_OP_BILLING_F_Export_14-08-2024_P15.csv,1576.17,5483201,31,32,25.09,over,two-pass
common-data/SingCLoud/NonFreeText_Files/VW_OP_BILLING_F/VW_OP_BILLING_F_Export_14-08-2024_P17.csv,1696.45,5902357,31,32,25.04,over,two-pass
common-data/SingCLoud/NonFreeText_Files/VW_OP_BILLING_F/VW_OP_BILLING_F_Export_14-08-2024_P18.csv,1781.42,6198253,31,31,25.03,ok,two-pass
common-data/SingCLoud/NonFreeText_Files/VW_OP_BILLING_F/VW_OP_BILLING_F_Export_14-08-2024_P2.csv,2133.91,7624780,31,31,34.5,ok,two-pass
common-data/SingCLoud/NonFreeText_Files/VW_OP_BILLING_F/VW_OP_BILLING_F_Export_14-08-2024_P20.csv,1856.57,6460345,31,31,25.06,ok,two-pass
common-data/SingCLoud/NonFreeText_Files/VW_OP_BILLING_F/VW_OP_BILLING_F_Export_14-08-2024_P21.csv,1915.29,6658792,31,31,24.8,ok,two-pass
common-data/SingCLoud/NonFreeText_Files/VW_OP_BILLING_F/VW_OP_BILLING_F_Export_14-08-2024_P22.csv,1962.44,6821950,31,31,24.9,ok,two-pass
common-data/SingCLoud/NonFreeText_Files/VW_OP_BILLING_F/VW_OP_BILLING_F_Export_14-08-2024_P23.csv,1961.79,6816021,31,31,24.72,ok,two-pass
common-data/SingCLoud/NonFreeText_Files/VW_OP_BILLING_F/VW_OP_BILLING_F_Export_14-08-2024_P24.csv,1784.28,6208019,31,31,25.33,ok,two-pass
common-data/SingCLoud/NonFreeText_Files/VW_OP_BILLING_F/VW_OP_BILLING_F_Export_14-08-2024_P25.csv,2033.11,7045239,31,31,24.16,ok,two-pass
common-data/SingCLoud/NonFreeText_Files/VW_OP_BILLING_F/VW_OP_BILLING_F_Export_14-08-2024_P26.csv,1973.86,6836849,31,31,24.09,ok,two-pass
common-data/SingCLoud/NonFreeText_Files/VW_OP_BILLING_F/VW_OP_BILLING_F_Export_14-08-2024_P27.csv,1918.58,6642933,31,32,23.91,over,two-pass
common-data/SingCLoud/NonFreeText_Files/VW_OP_BILLING_F/VW_OP_BILLING_F_Export_14-08-2024_P28.csv,1844.77,6387893,31,32,23.97,over,two-pass
common-data/SingCLoud/NonFreeText_Files/VW_OP_BILLING_F/VW_OP_BILLING_F_Export_14-08-2024_P29.csv,1872.11,6513748,31,30,25.62,short,two-pass
common-data/SingCLoud/NonFreeText_Files/VW_OP_BILLING_F/VW_OP_BILLING_F_Export_14-08-2024_P3.csv,2333.76,8333018,31,31,34.33,ok,two-pass
common-data/SingCLoud/NonFreeText_Files/VW_OP_BILLING_F/VW_OP_BILLING_F_Export_14-08-2024_P4.csv,1014.32,3618678,31,30,33.99,short,two-pass
common-data/SingCLoud/NonFreeText_Files/VW_OP_BILLING_F/VW_OP_BILLING_F_Export_14-08-2024_P5.csv,1289.32,4595055,31,32,33.74,over,two-pass
common-data/SingCLoud/NonFreeText_Files/VW_OP_BILLING_F/VW_OP_BILLING_F_Export_14-08-2024_P7.csv,1151.99,4061671,31,31,28.71,ok,two-pass
common-data/SingCLoud/NonFreeText_Files/VW_OP_BILLING_F/VW_OP_BILLING_F_Export_14-08-2024_P8.csv,1188.84,4166289,31,31,26.93,ok,two-pass
common-data/SingCLoud/NonFreeText_Files/VW_OP_BILLING_F/VW_OP_BILLING_F_Export_14-08-2024_P9.csv,1177.62,4120140,31,31,26.66,ok,two-pass
common-data/SingCLoud/NonFreeText_Files/VW_OP_BILLING_F/VW_OP_BILLING_F_Export_14-08-2624_P16.csv,1697.11,5899340,31,31,24.88,ok,two-pass
common-data/SingCLoud/NonFreeText_Files/VW_PATIENT_DEATH_IND_D_Export_06-08-2024.csv,216.72,1050317,14,14,22.68,ok,two-pass
common-data/SingCLoud/NonFreeText_Files/VW_PATIENT_DOB_D_Export_22-07-2024.csv,163.67,849164,12,12,9.01,ok,two-pass
common-data/SingCLoud/NonFreeText_Files/VW_PATIENT_GENDER_D_Export_06-08-2024.csv,154.39,849308,11,11,6.47,ok,two-pass
common-data/SingCLoud/NonFreeText_Files/VW_PATIENT_LANGUAGE_D_Export_06-08-2024.csv,154.28,849308,11,11,11.02,ok,two-pass
common-data/SingCLoud/NonFreeText_Files/VW_PATIENT_MARITAL_STATUS_D_Export_11-09-2024.csv,153.34,849012,11,11,13.51,ok,two-pass
common-data/SingCLoud/NonFreeText_Files/VW_PATIENT_NATIONALITY_D_Export_06-08-2024.csv,161.3,849308,11,11,7.54,ok,two-pass
common-data/SingCLoud/NonFreeText_Files/VW_PATIENT_RACE_D_Export_06-08-2024.csv,154.2,849308,11,3,10.6,short,two-pass
common-data/SingCLoud/NonFreeText_Files/VW_PATIENT_RELIGION_D_Export_06-08-2024.csv,152.35,849308,11,12,16.07,over,two-pass
common-data/SingCLoud/NonFreeText_Files/VW_PATIENT_RESIDENTIAL_STATUS_D_Export_06-08-2024.csv,153.9,849308,11,11,12.27,ok,two-pass
common-data/SingCLoud/NonFreeText_Files/VW_PATIENT_TYPE_D_Export_22-07-2024.csv,0.0,4,6,6,0.0,ok,two-pass
common-data/SingCLoud/NonFreeText_Files/VW_REFERRAL_FACILITY_D_Export_22-07-2024.csv,0.17,2683,5,5,0.71,ok,two-pass
common-data/SingCLoud/NonFreeText_Files/VW_SCDB_EPS_DIM_F_Export_22-07-2024.csv,23.81,51379,41,39,72.43,short,two-pass
common-data/SingCLoud/NonFreeText_Files/VW_SCDB_EPS_F_Export_22-07-2024.csv,4.02,6220,96,98,34.43,over,two-pass
common-data/SingCLoud/NonFreeText_Files/VW_SCDB_HF_DIM_F_Export_22-07-2024.csv,152.29,655784,13,13,12.05,ok,two-pass
common-data/SingCLoud/NonFreeText_Files/VW_SCDB_ICD_DIM_F_Export_22-07-2024.csv,12.84,24450,41,41,69.5,ok,two-pass
common-data/SingCLoud/NonFreeText_Files/VW_SCDB_INTERVENTION_BEFORE_T2_F_Export_22-07-2024.csv,210.54,62348,779,1577,97.29,over,two-pass
common-data/SingCLoud/NonFreeText_Files/VW_SCDB_SURGERY_BEFORE_F_Export_22-07-2024.csv,9.7,5937,367,355,62.36,short,two-pass
common-data/SingCLoud/NonFreeText_Files/VW_SCDB_SURGERY_DIM_F_Export_22-07-2024.csv,54.65,189067,23,23,42.18,ok,two-pass
common-data/SingCLoud/NonFreeText_Files/VW_SCDB_ZLMAUDITEPS_DIM_F_Export_22-07-2024.csv,3.03,10810,18,19,50.73,over,two-pass
common-data/SingCLoud/NonFreeText_Files/VW_SCDB_ZLMAUDITEPS_F_Export_22-07-2024.csv,0.92,2942,23,22,4.36,short,two-pass
common-data/SingCLoud/NonFreeText_Files/VW_SCDB_ZLMAUDITICD_F_Export_22-07-2024.csv,1.1,1716,94,100,46.8,over,two-pass
common-data/SingCLoud/NonFreeText_Files/VW_SERVICE_CODE_D_Export_22-07-2024.csv,252.15,2142754,15,15,40.68,ok,two-pass
common-data/SingCLoud/NonFreeText_Files/VW_SERVICE_SPECIALITY_D_Export_22-07-2024.csv,2.4,25088,6,6,0.01,ok,two-pass
common-data/SingCLoud/NonFreeText_Files/VW_SINGCLOUD_DIAGNOSIS_CODE_D_Export_22-07-2024.csv,0.04,859,2,2,0.0,ok,two-pass
common-data/SingCLoud/NonFreeText_Files/VW_SKH_CVIS_MIBI_D_Export_22-07-2024.csv,4.6,4846,175,173,25.57,short,two-pass
common-data/SingCLoud/NonFreeText_Flles/VW_TP_BILLING_F_Export_05-08-2024_P5.csv,1023.58,3157211,37,37,18.99,ok,two-pass
common-data/SingCLoud/PriorityTables-B1/VW_NUHS_HFSI_F_Export_22-07-2024.csv,78.24,32480,572,529,64.08,short,two-pass
common-data/SingCLoud/PriorityTables-B1/VW_SCDB_HF_F_Export_22-07-2024.csv,57.11,48629,174,176,24.44,over,two-pass
common-data/SingCLoud/Updated_HFSI/VW_NUHS_HFSI_F_Export_30-10-2024.csv,111.97,47801,575,474,68.49,short,two-pass
,1406.55,4297867,30,30,32.44,ok,two-pass
,1943.75,6036342,37,37,19.0,ok,two-pass
